{"mean_reward": 541.5, "std_reward": 103.68341236668476, "is_deterministic": false, "n_eval_episodes": 10, "eval_datetime": "2024-12-01T21:53:31.134099"}